round,player1_stack,opponent_stack,winner,actions
1,1080,920,Player1,0 call:20;0 call:20;0 call:20;0 call:20
2,950,1050,Opponent,0 call:30;0 call:20;0 call:0;0 call:0
3,920,1080,Opponent,0 call:20;0 call:20;0 call:20;0 call:20
4,930,1070,Opponent,0 call:30;0 call:0;0 call:20;0 call:20
5,1070,930,Player1,0 call:30;0 call:20;0 call:20;0 call:0
6,910,1090,Opponent,0 call:30;0 call:20;0 call:20;0 call:20
7,940,1060,Opponent,0 call:20;0 call:0;0 call:20;0 call:20
8,1040,960,Player1,0 call:20;0 call:20;0 call:0;0 call:0
9,1070,930,Player1,0 call:30;0 call:20;0 call:20;0 call:0
10,960,1040,Opponent,0 call:20;0 call:0;0 call:0;0 call:20
11,940,1060,Opponent,0 call:20;0 call:20;0 call:20;0 call:0
12,1070,930,Player1,0 call:30;0 call:20;0 call:0;0 call:20
13,910,1090,Opponent,0 call:30;0 call:20;0 call:20;0 call:20
14,960,1040,Opponent,0 call:20;0 call:0;0 call:0;0 call:20
15,950,1050,Opponent,0 call:30;0 call:20;0 call:0;0 call:0
16,1050,950,Player1,0 call:30;0 call:0;0 call:20;0 call:0
17,950,1050,Opponent,0 call:30;0 call:0;0 call:20;0 call:0
18,960,1040,Opponent,0 call:20;0 call:0;0 call:20;0 call:0
19,930,1070,Opponent,0 call:30;0 call:0;0 call:20;0 call:20
20,1070,930,Player1,0 call:30;0 call:20;0 call:0;0 call:20
21,950,1050,Opponent,0 call:30;0 call:20;0 call:0;0 call:0
22,1070,930,Player1,0 call:30;0 call:20;0 call:0;0 call:20
23,910,1090,Opponent,0 call:30;0 call:20;0 call:20;0 call:20
24,1090,910,Player1,0 call:30;0 call:20;0 call:20;0 call:20
25,920,1080,Opponent,0 call:20;0 call:20;0 call:20;0 call:20
26,950,1050,Opponent,0 call:30;0 call:0;0 call:0;0 call:20
27,930,1070,Opponent,0 call:30;0 call:20;0 call:0;0 call:20
28,930,1070,Opponent,0 call:30;0 call:20;0 call:20;0 call:0
29,930,1070,Opponent,0 call:30;0 call:20;0 call:20;0 call:0
30,1070,930,Player1,0 call:30;0 call:20;0 call:20;0 call:0
31,970,1030,Opponent,0 call:30;0 call:0;0 call:0;0 call:0
32,940,1060,Opponent,0 call:20;0 call:20;0 call:20;0 call:0
33,950,1050,Opponent,0 call:30;0 call:0;0 call:0;0 call:20
34,910,1090,Opponent,0 call:30;0 call:20;0 call:20;0 call:20
35,1050,950,Player1,0 call:30;0 call:20;0 call:0;0 call:0
36,1070,930,Player1,0 call:30;0 call:0;0 call:20;0 call:20
37,1070,930,Player1,0 call:30;0 call:0;0 call:20;0 call:20
38,1040,960,Player1,0 call:20;0 call:20;0 call:0;0 call:0
39,1080,920,Player1,0 call:20;0 call:20;0 call:20;0 call:20
40,960,1040,Opponent,0 call:20;0 call:20;0 call:0;0 call:0
41,1060,940,Player1,0 call:20;0 call:20;0 call:0;0 call:20
42,1070,930,Player1,0 call:30;0 call:20;0 call:20;0 call:0
43,940,1060,Opponent,0 call:20;0 call:20;0 call:0;0 call:20
44,1090,910,Player1,0 call:30;0 call:20;0 call:20;0 call:20
45,1040,960,Player1,0 call:20;0 call:0;0 call:20;0 call:0
46,1060,940,Player1,0 call:20;0 call:0;0 call:20;0 call:20
47,980,1020,Opponent,0 call:20;0 call:0;0 call:0;0 call:0
48,960,1040,Opponent,0 call:20;0 call:0;0 call:20;0 call:0
49,930,1070,Opponent,0 call:30;0 call:20;0 call:20;0 call:0
50,910,1090,Opponent,0 call:30;0 call:20;0 call:20;0 call:20
51,930,1070,Opponent,0 call:30;0 call:20;0 call:20;0 call:0
52,930,1070,Opponent,0 call:30;0 call:20;0 call:0;0 call:20
53,920,1080,Opponent,0 call:20;0 call:20;0 call:20;0 call:20
54,1060,940,Player1,0 call:20;0 call:20;0 call:20;0 call:0
55,910,1090,Opponent,0 call:30;0 call:20;0 call:20;0 call:20
56,960,1040,Opponent,0 call:20;0 call:20;0 call:0;0 call:0
57,930,1070,Opponent,0 call:30;0 call:20;0 call:0;0 call:20
58,1030,970,Player1,0 call:30;0 call:0;0 call:0;0 call:0
59,1060,940,Player1,0 call:20;0 call:20;0 call:20;0 call:0
60,910,1090,Opponent,0 call:30;0 call:20;0 call:20;0 call:20
61,1030,970,Player1,0 call:30;0 call:0;0 call:0;0 call:0
62,1070,930,Player1,0 call:30;0 call:20;0 call:0;0 call:20
63,1040,960,Player1,0 call:20;0 call:20;0 call:0;0 call:0
64,1060,940,Player1,0 call:20;0 call:0;0 call:20;0 call:20
65,930,1070,Opponent,0 call:30;0 call:20;0 call:20;0 call:0
66,930,1070,Opponent,0 call:30;0 call:20;0 call:0;0 call:20
67,1050,950,Player1,0 call:30;0 call:20;0 call:0;0 call:0
68,930,1070,Opponent,0 call:30;0 call:20;0 call:20;0 call:0
69,910,1090,Opponent,0 call:30;0 call:20;0 call:20;0 call:20
70,930,1070,Opponent,0 call:30;0 call:0;0 call:20;0 call:20
71,1050,950,Player1,0 call:30;0 call:0;0 call:0;0 call:20
72,920,1080,Opponent,0 call:20;0 call:20;0 call:20;0 call:20
73,1060,940,Player1,0 call:20;0 call:20;0 call:20;0 call:0
74,940,1060,Opponent,0 call:20;0 call:0;0 call:20;0 call:20
75,1040,960,Player1,0 call:20;0 call:0;0 call:20;0 call:0
76,930,1070,Opponent,0 call:30;0 call:0;0 call:20;0 call:20
77,910,1090,Opponent,0 call:30;0 call:20;0 call:20;0 call:20
78,1040,960,Player1,0 call:20;0 call:20;0 call:0;0 call:0
79,920,1080,Opponent,0 call:20;0 call:20;0 call:20;0 call:20
80,940,1060,Opponent,0 call:20;0 call:20;0 call:0;0 call:20
81,930,1070,Opponent,0 call:30;0 call:20;0 call:20;0 call:0
82,930,1070,Opponent,0 call:30;0 call:20;0 call:0;0 call:20
83,1050,950,Player1,0 call:30;0 call:0;0 call:20;0 call:0
84,1090,910,Player1,0 call:30;0 call:20;0 call:20;0 call:20
85,930,1070,Opponent,0 call:30;0 call:20;0 call:20;0 call:0
86,930,1070,Opponent,0 call:30;0 call:20;0 call:20;0 call:0
87,910,1090,Opponent,0 call:30;0 call:20;0 call:20;0 call:20
88,930,1070,Opponent,0 call:30;0 call:0;0 call:20;0 call:20
89,1070,930,Player1,0 call:30;0 call:20;0 call:20;0 call:0
90,1040,960,Player1,0 call:20;0 call:0;0 call:20;0 call:0
91,970,1030,Opponent,0 call:30;0 call:0;0 call:0;0 call:0
92,930,1070,Opponent,0 call:30;0 call:20;0 call:20;0 call:0
93,1090,910,Player1,0 call:30;0 call:20;0 call:20;0 call:20
94,1090,910,Player1,0 call:30;0 call:20;0 call:20;0 call:20
95,930,1070,Opponent,0 call:30;0 call:0;0 call:20;0 call:20
96,1050,950,Player1,0 call:30;0 call:20;0 call:0;0 call:0
97,950,1050,Opponent,0 call:30;0 call:0;0 call:0;0 call:20
98,1050,950,Player1,0 call:30;0 call:0;0 call:20;0 call:0
99,940,1060,Opponent,0 call:20;0 call:0;0 call:20;0 call:20
100,1050,950,Player1,0 call:30;0 call:0;0 call:0;0 call:20
101,940,1060,Opponent,0 call:20;0 call:20;0 call:20;0 call:0
102,930,1070,Opponent,0 call:30;0 call:20;0 call:20;0 call:0
103,1060,940,Player1,0 call:20;0 call:20;0 call:20;0 call:0
104,1040,960,Player1,0 call:20;0 call:0;0 call:0;0 call:20
105,930,1070,Opponent,0 call:30;0 call:0;0 call:20;0 call:20
106,910,1090,Opponent,0 call:30;0 call:20;0 call:20;0 call:20
107,920,1080,Opponent,0 call:20;0 call:20;0 call:20;0 call:20
108,1070,930,Player1,0 call:30;0 call:20;0 call:20;0 call:0
109,960,1040,Opponent,0 call:20;0 call:0;0 call:0;0 call:20
110,930,1070,Opponent,0 call:30;0 call:20;0 call:0;0 call:20
111,940,1060,Opponent,0 call:20;0 call:20;0 call:20;0 call:0
112,1070,930,Player1,0 call:30;0 call:20;0 call:20;0 call:0
113,1090,910,Player1,0 call:30;0 call:20;0 call:20;0 call:20
114,1050,950,Player1,0 call:30;0 call:0;0 call:20;0 call:0
115,920,1080,Opponent,0 call:20;0 call:20;0 call:20;0 call:20
116,950,1050,Opponent,0 call:30;0 call:0;0 call:20;0 call:0
117,1060,940,Player1,0 call:20;0 call:20;0 call:20;0 call:0
118,1050,950,Player1,0 call:30;0 call:20;0 call:0;0 call:0
119,1090,910,Player1,0 call:30;0 call:20;0 call:20;0 call:20
120,1090,910,Player1,0 call:30;0 call:20;0 call:20;0 call:20
121,1070,930,Player1,0 call:30;0 call:0;0 call:20;0 call:20
122,1070,930,Player1,0 call:30;0 call:0;0 call:20;0 call:20
123,950,1050,Opponent,0 call:30;0 call:0;0 call:0;0 call:20
124,1050,950,Player1,0 call:30;0 call:0;0 call:20;0 call:0
125,930,1070,Opponent,0 call:30;0 call:20;0 call:0;0 call:20
126,930,1070,Opponent,0 call:30;0 call:20;0 call:0;0 call:20
127,1090,910,Player1,0 call:30;0 call:20;0 call:20;0 call:20
128,960,1040,Opponent,0 call:20;0 call:0;0 call:0;0 call:20
129,930,1070,Opponent,0 call:30;0 call:20;0 call:0;0 call:20
130,930,1070,Opponent,0 call:30;0 call:20;0 call:20;0 call:0
131,960,1040,Opponent,0 call:20;0 call:0;0 call:0;0 call:20
132,910,1090,Opponent,0 call:30;0 call:20;0 call:20;0 call:20
133,1070,930,Player1,0 call:30;0 call:20;0 call:20;0 call:0
134,910,1090,Opponent,0 call:30;0 call:20;0 call:20;0 call:20
135,1060,940,Player1,0 call:20;0 call:20;0 call:0;0 call:20
136,1030,970,Player1,0 call:30;0 call:0;0 call:0;0 call:0
137,960,1040,Opponent,0 call:20;0 call:0;0 call:0;0 call:20
138,1070,930,Player1,0 call:30;0 call:20;0 call:0;0 call:20
139,970,1030,Opponent,0 call:30;0 call:0;0 call:0;0 call:0
140,950,1050,Opponent,0 call:30;0 call:0;0 call:0;0 call:20
141,1080,920,Player1,0 call:20;0 call:20;0 call:20;0 call:20
142,1070,930,Player1,0 call:30;0 call:0;0 call:20;0 call:20
143,1040,960,Player1,0 call:20;0 call:0;0 call:20;0 call:0
144,1070,930,Player1,0 call:30;0 call:20;0 call:0;0 call:20
145,1050,950,Player1,0 call:30;0 call:20;0 call:0;0 call:0
146,1040,960,Player1,0 call:20;0 call:20;0 call:0;0 call:0
147,950,1050,Opponent,0 call:30;0 call:0;0 call:20;0 call:0
148,940,1060,Opponent,0 call:20;0 call:0;0 call:20;0 call:20
149,1050,950,Player1,0 call:30;0 call:0;0 call:20;0 call:0
150,910,1090,Opponent,0 call:30;0 call:20;0 call:20;0 call:20
151,950,1050,Opponent,0 call:30;0 call:0;0 call:0;0 call:20
152,920,1080,Opponent,0 call:20;0 call:20;0 call:20;0 call:20
153,1080,920,Player1,0 call:20;0 call:20;0 call:20;0 call:20
154,910,1090,Opponent,0 call:30;0 call:20;0 call:20;0 call:20
155,1050,950,Player1,0 call:30;0 call:0;0 call:20;0 call:0
156,1070,930,Player1,0 call:30;0 call:20;0 call:0;0 call:20
157,920,1080,Opponent,0 call:20;0 call:20;0 call:20;0 call:20
158,960,1040,Opponent,0 call:20;0 call:20;0 call:0;0 call:0
159,1070,930,Player1,0 call:30;0 call:0;0 call:20;0 call:20
160,1070,930,Player1,0 call:30;0 call:20;0 call:20;0 call:0
161,1090,910,Player1,0 call:30;0 call:20;0 call:20;0 call:20
162,930,1070,Opponent,0 call:30;0 call:20;0 call:20;0 call:0
163,1040,960,Player1,0 call:20;0 call:0;0 call:20;0 call:0
164,1050,950,Player1,0 call:30;0 call:0;0 call:20;0 call:0
165,1030,970,Player1,0 call:30;0 call:0;0 call:0;0 call:0
166,930,1070,Opponent,0 call:30;0 call:20;0 call:0;0 call:20
167,930,1070,Opponent,0 call:30;0 call:20;0 call:0;0 call:20
168,1030,970,Player1,0 call:30;0 call:0;0 call:0;0 call:0
169,1070,930,Player1,0 call:30;0 call:20;0 call:20;0 call:0
170,930,1070,Opponent,0 call:30;0 call:0;0 call:20;0 call:20
171,930,1070,Opponent,0 call:30;0 call:20;0 call:20;0 call:0
172,930,1070,Opponent,0 call:30;0 call:20;0 call:0;0 call:20
173,950,1050,Opponent,0 call:30;0 call:0;0 call:20;0 call:0
174,1060,940,Player1,0 call:20;0 call:0;0 call:20;0 call:20
175,1080,920,Player1,0 call:20;0 call:20;0 call:20;0 call:20
176,950,1050,Opponent,0 call:30;0 call:20;0 call:0;0 call:0
177,940,1060,Opponent,0 call:20;0 call:0;0 call:20;0 call:20
178,910,1090,Opponent,0 call:30;0 call:20;0 call:20;0 call:20
179,980,1020,Opponent,0 call:20;0 call:0;0 call:0;0 call:0
180,1080,920,Player1,0 call:20;0 call:20;0 call:20;0 call:20
181,920,1080,Opponent,0 call:20;0 call:20;0 call:20;0 call:20
182,1050,950,Player1,0 call:30;0 call:20;0 call:0;0 call:0
183,1060,940,Player1,0 call:20;0 call:20;0 call:0;0 call:20
184,1070,930,Player1,0 call:30;0 call:20;0 call:0;0 call:20
185,970,1030,Opponent,0 call:30;0 call:0;0 call:0;0 call:0
186,1060,940,Player1,0 call:20;0 call:0;0 call:20;0 call:20
187,1070,930,Player1,0 call:30;0 call:20;0 call:20;0 call:0
188,1070,930,Player1,0 call:30;0 call:20;0 call:20;0 call:0
189,930,1070,Opponent,0 call:30;0 call:0;0 call:20;0 call:20
190,1030,970,Player1,0 call:30;0 call:0;0 call:0;0 call:0
191,1060,940,Player1,0 call:20;0 call:20;0 call:0;0 call:20
192,1070,930,Player1,0 call:30;0 call:20;0 call:20;0 call:0
193,960,1040,Opponent,0 call:20;0 call:0;0 call:0;0 call:20
194,910,1090,Opponent,0 call:30;0 call:20;0 call:20;0 call:20
195,1060,940,Player1,0 call:20;0 call:20;0 call:0;0 call:20
196,1070,930,Player1,0 call:30;0 call:20;0 call:0;0 call:20
197,1070,930,Player1,0 call:30;0 call:20;0 call:20;0 call:0
198,1090,910,Player1,0 call:30;0 call:20;0 call:20;0 call:20
199,950,1050,Opponent,0 call:30;0 call:0;0 call:0;0 call:20
200,940,1060,Opponent,0 call:20;0 call:20;0 call:0;0 call:20
201,1090,910,Player1,0 call:30;0 call:20;0 call:20;0 call:20
202,930,1070,Opponent,0 call:30;0 call:0;0 call:20;0 call:20
203,1070,930,Player1,0 call:30;0 call:0;0 call:20;0 call:20
204,1070,930,Player1,0 call:30;0 call:20;0 call:0;0 call:20
205,950,1050,Opponent,0 call:30;0 call:20;0 call:0;0 call:0
206,910,1090,Opponent,0 call:30;0 call:20;0 call:20;0 call:20
207,940,1060,Opponent,0 call:20;0 call:20;0 call:20;0 call:0
208,1050,950,Player1,0 call:30;0 call:20;0 call:0;0 call:0
209,930,1070,Opponent,0 call:30;0 call:20;0 call:0;0 call:20
210,1070,930,Player1,0 call:30;0 call:0;0 call:20;0 call:20
211,950,1050,Opponent,0 call:30;0 call:0;0 call:20;0 call:0
212,1090,910,Player1,0 call:30;0 call:20;0 call:20;0 call:20
213,960,1040,Opponent,0 call:20;0 call:0;0 call:0;0 call:20
214,930,1070,Opponent,0 call:30;0 call:20;0 call:20;0 call:0
215,950,1050,Opponent,0 call:30;0 call:0;0 call:20;0 call:0
216,1060,940,Player1,0 call:20;0 call:0;0 call:20;0 call:20
217,930,1070,Opponent,0 call:30;0 call:0;0 call:20;0 call:20
218,930,1070,Opponent,0 call:30;0 call:0;0 call:20;0 call:20
219,1040,960,Player1,0 call:20;0 call:0;0 call:0;0 call:20
220,910,1090,Opponent,0 call:30;0 call:20;0 call:20;0 call:20
221,940,1060,Opponent,0 call:20;0 call:20;0 call:0;0 call:20
222,1050,950,Player1,0 call:30;0 call:0;0 call:0;0 call:20
223,910,1090,Opponent,0 call:30;0 call:20;0 call:20;0 call:20
224,1090,910,Player1,0 call:30;0 call:20;0 call:20;0 call:20
225,1070,930,Player1,0 call:30;0 call:20;0 call:0;0 call:20
226,1020,980,Player1,0 call:20;0 call:0;0 call:0;0 call:0
227,920,1080,Opponent,0 call:20;0 call:20;0 call:20;0 call:20
228,1020,980,Player1,0 call:20;0 call:0;0 call:0;0 call:0
229,960,1040,Opponent,0 call:20;0 call:20;0 call:0;0 call:0
230,950,1050,Opponent,0 call:30;0 call:0;0 call:0;0 call:20
231,1090,910,Player1,0 call:30;0 call:20;0 call:20;0 call:20
232,980,1020,Opponent,0 call:20;0 call:0;0 call:0;0 call:0
233,1070,930,Player1,0 call:30;0 call:0;0 call:20;0 call:20
234,940,1060,Opponent,0 call:20;0 call:20;0 call:0;0 call:20
235,940,1060,Opponent,0 call:20;0 call:0;0 call:20;0 call:20
236,1070,930,Player1,0 call:30;0 call:20;0 call:20;0 call:0
237,940,1060,Opponent,0 call:20;0 call:20;0 call:20;0 call:0
238,1070,930,Player1,0 call:30;0 call:20;0 call:0;0 call:20
239,1070,930,Player1,0 call:30;0 call:20;0 call:0;0 call:20
240,1030,970,Player1,0 call:30;0 call:0;0 call:0;0 call:0
241,930,1070,Opponent,0 call:30;0 call:0;0 call:20;0 call:20
242,1060,940,Player1,0 call:20;0 call:0;0 call:20;0 call:20
243,940,1060,Opponent,0 call:20;0 call:20;0 call:0;0 call:20
244,970,1030,Opponent,0 call:30;0 call:0;0 call:0;0 call:0
245,1070,930,Player1,0 call:30;0 call:20;0 call:20;0 call:0
246,1070,930,Player1,0 call:30;0 call:0;0 call:20;0 call:20
247,930,1070,Opponent,0 call:30;0 call:20;0 call:20;0 call:0
248,960,1040,Opponent,0 call:20;0 call:20;0 call:0;0 call:0
249,910,1090,Opponent,0 call:30;0 call:20;0 call:20;0 call:20
250,1040,960,Player1,0 call:20;0 call:20;0 call:0;0 call:0
251,930,1070,Opponent,0 call:30;0 call:20;0 call:20;0 call:0
252,930,1070,Opponent,0 call:30;0 call:20;0 call:0;0 call:20
253,1040,960,Player1,0 call:20;0 call:20;0 call:0;0 call:0
254,1090,910,Player1,0 call:30;0 call:20;0 call:20;0 call:20
255,910,1090,Opponent,0 call:30;0 call:20;0 call:20;0 call:20
256,910,1090,Opponent,0 call:30;0 call:20;0 call:20;0 call:20
257,940,1060,Opponent,0 call:20;0 call:0;0 call:20;0 call:20
258,1060,940,Player1,0 call:20;0 call:20;0 call:20;0 call:0
259,950,1050,Opponent,0 call:30;0 call:20;0 call:0;0 call:0
260,1060,940,Player1,0 call:20;0 call:20;0 call:0;0 call:20
261,1060,940,Player1,0 call:20;0 call:20;0 call:0;0 call:20
262,960,1040,Opponent,0 call:20;0 call:20;0 call:0;0 call:0
263,940,1060,Opponent,0 call:20;0 call:0;0 call:20;0 call:20
264,1040,960,Player1,0 call:20;0 call:0;0 call:20;0 call:0
265,940,1060,Opponent,0 call:20;0 call:0;0 call:20;0 call:20
266,1070,930,Player1,0 call:30;0 call:20;0 call:0;0 call:20
267,940,1060,Opponent,0 call:20;0 call:0;0 call:20;0 call:20
268,910,1090,Opponent,0 call:30;0 call:20;0 call:20;0 call:20
269,1050,950,Player1,0 call:30;0 call:0;0 call:0;0 call:20
270,1050,950,Player1,0 call:30;0 call:0;0 call:20;0 call:0
271,950,1050,Opponent,0 call:30;0 call:0;0 call:20;0 call:0
272,1040,960,Player1,0 call:20;0 call:20;0 call:0;0 call:0
273,1080,920,Player1,0 call:20;0 call:20;0 call:20;0 call:20
274,1050,950,Player1,0 call:30;0 call:20;0 call:0;0 call:0
275,930,1070,Opponent,0 call:30;0 call:0;0 call:20;0 call:20
276,950,1050,Opponent,0 call:30;0 call:20;0 call:0;0 call:0
277,950,1050,Opponent,0 call:30;0 call:20;0 call:0;0 call:0
278,1090,910,Player1,0 call:30;0 call:20;0 call:20;0 call:20
279,930,1070,Opponent,0 call:30;0 call:0;0 call:20;0 call:20
280,970,1030,Opponent,0 call:30;0 call:0;0 call:0;0 call:0
281,940,1060,Opponent,0 call:20;0 call:20;0 call:0;0 call:20
282,930,1070,Opponent,0 call:30;0 call:20;0 call:0;0 call:20
283,950,1050,Opponent,0 call:30;0 call:0;0 call:20;0 call:0
284,1070,930,Player1,0 call:30;0 call:20;0 call:0;0 call:20
285,1050,950,Player1,0 call:30;0 call:0;0 call:20;0 call:0
286,1040,960,Player1,0 call:20;0 call:0;0 call:20;0 call:0
287,1070,930,Player1,0 call:30;0 call:20;0 call:20;0 call:0
288,1070,930,Player1,0 call:30;0 call:20;0 call:20;0 call:0
289,940,1060,Opponent,0 call:20;0 call:20;0 call:20;0 call:0
290,950,1050,Opponent,0 call:30;0 call:0;0 call:0;0 call:20
291,1040,960,Player1,0 call:20;0 call:0;0 call:0;0 call:20
292,1050,950,Player1,0 call:30;0 call:20;0 call:0;0 call:0
293,1060,940,Player1,0 call:20;0 call:20;0 call:20;0 call:0
294,1070,930,Player1,0 call:30;0 call:20;0 call:20;0 call:0
295,1060,940,Player1,0 call:20;0 call:20;0 call:0;0 call:20
296,1060,940,Player1,0 call:20;0 call:0;0 call:20;0 call:20
297,1090,910,Player1,0 call:30;0 call:20;0 call:20;0 call:20
298,1060,940,Player1,0 call:20;0 call:20;0 call:0;0 call:20
299,1040,960,Player1,0 call:20;0 call:0;0 call:20;0 call:0
300,1070,930,Player1,0 call:30;0 call:0;0 call:20;0 call:20
301,1090,910,Player1,0 call:30;0 call:20;0 call:20;0 call:20
302,910,1090,Opponent,0 call:30;0 call:20;0 call:20;0 call:20
303,930,1070,Opponent,0 call:30;0 call:20;0 call:20;0 call:0
304,1020,980,Player1,0 call:20;0 call:0;0 call:0;0 call:0
305,1040,960,Player1,0 call:20;0 call:0;0 call:0;0 call:20
306,1030,970,Player1,0 call:30;0 call:0;0 call:0;0 call:0
307,940,1060,Opponent,0 call:20;0 call:0;0 call:20;0 call:20
308,940,1060,Opponent,0 call:20;0 call:20;0 call:0;0 call:20
309,950,1050,Opponent,0 call:30;0 call:0;0 call:20;0 call:0
310,940,1060,Opponent,0 call:20;0 call:0;0 call:20;0 call:20
311,1040,960,Player1,0 call:20;0 call:0;0 call:0;0 call:20
312,1090,910,Player1,0 call:30;0 call:20;0 call:20;0 call:20
313,1040,960,Player1,0 call:20;0 call:0;0 call:20;0 call:0
314,950,1050,Opponent,0 call:30;0 call:0;0 call:0;0 call:20
315,1050,950,Player1,0 call:30;0 call:0;0 call:20;0 call:0
316,930,1070,Opponent,0 call:30;0 call:0;0 call:20;0 call:20
317,940,1060,Opponent,0 call:20;0 call:20;0 call:0;0 call:20
318,1050,950,Player1,0 call:30;0 call:0;0 call:20;0 call:0
319,1080,920,Player1,0 call:20;0 call:20;0 call:20;0 call:20
320,920,1080,Opponent,0 call:20;0 call:20;0 call:20;0 call:20
321,930,1070,Opponent,0 call:30;0 call:20;0 call:20;0 call:0
322,910,1090,Opponent,0 call:30;0 call:20;0 call:20;0 call:20
323,1070,930,Player1,0 call:30;0 call:0;0 call:20;0 call:20
324,1090,910,Player1,0 call:30;0 call:20;0 call:20;0 call:20
325,930,1070,Opponent,0 call:30;0 call:20;0 call:20;0 call:0
326,1070,930,Player1,0 call:30;0 call:0;0 call:20;0 call:20
327,920,1080,Opponent,0 call:20;0 call:20;0 call:20;0 call:20
328,910,1090,Opponent,0 call:30;0 call:20;0 call:20;0 call:20
329,1070,930,Player1,0 call:30;0 call:0;0 call:20;0 call:20
330,1050,950,Player1,0 call:30;0 call:0;0 call:0;0 call:20
331,1000,1000,Player1,0 call:20;0 call:0;0 call:0;0 call:20
332,1000,1000,Player1,0 call:30;0 call:20;0 call:20;0 call:0
333,1090,910,Player1,0 call:30;0 call:20;0 call:20;0 call:20
334,910,1090,Opponent,0 call:30;0 call:20;0 call:20;0 call:20
335,1090,910,Player1,0 call:30;0 call:20;0 call:20;0 call:20
336,1060,940,Player1,0 call:20;0 call:20;0 call:0;0 call:20
337,1070,930,Player1,0 call:30;0 call:20;0 call:0;0 call:20
338,910,1090,Opponent,0 call:30;0 call:20;0 call:20;0 call:20
339,1070,930,Player1,0 call:30;0 call:20;0 call:0;0 call:20
340,1040,960,Player1,0 call:20;0 call:20;0 call:0;0 call:0
341,1050,950,Player1,0 call:30;0 call:20;0 call:0;0 call:0
342,1050,950,Player1,0 call:30;0 call:20;0 call:0;0 call:0
343,920,1080,Opponent,0 call:20;0 call:20;0 call:20;0 call:20
344,1080,920,Player1,0 call:20;0 call:20;0 call:20;0 call:20
345,1070,930,Player1,0 call:30;0 call:20;0 call:0;0 call:20
346,1060,940,Player1,0 call:20;0 call:20;0 call:0;0 call:20
347,1050,950,Player1,0 call:30;0 call:20;0 call:0;0 call:0
348,930,1070,Opponent,0 call:30;0 call:0;0 call:20;0 call:20
349,1050,950,Player1,0 call:30;0 call:0;0 call:0;0 call:20
350,1050,950,Player1,0 call:30;0 call:0;0 call:20;0 call:0
351,1080,920,Player1,0 call:20;0 call:20;0 call:20;0 call:20
352,1030,970,Player1,0 call:30;0 call:0;0 call:0;0 call:0
353,930,1070,Opponent,0 call:30;0 call:20;0 call:20;0 call:0
354,960,1040,Opponent,0 call:20;0 call:20;0 call:0;0 call:0
355,1050,950,Player1,0 call:30;0 call:0;0 call:0;0 call:20
356,950,1050,Opponent,0 call:30;0 call:0;0 call:0;0 call:20
357,1050,950,Player1,0 call:30;0 call:20;0 call:0;0 call:0
358,1060,940,Player1,0 call:20;0 call:20;0 call:0;0 call:20
359,1030,970,Player1,0 call:30;0 call:0;0 call:0;0 call:0
360,1070,930,Player1,0 call:30;0 call:20;0 call:0;0 call:20
361,1070,930,Player1,0 call:30;0 call:20;0 call:0;0 call:20
362,910,1090,Opponent,0 call:30;0 call:20;0 call:20;0 call:20
363,1060,940,Player1,0 call:20;0 call:20;0 call:0;0 call:20
364,970,1030,Opponent,0 call:30;0 call:0;0 call:0;0 call:0
365,1040,960,Player1,0 call:20;0 call:0;0 call:20;0 call:0
366,960,1040,Opponent,0 call:20;0 call:0;0 call:0;0 call:20
367,950,1050,Opponent,0 call:30;0 call:0;0 call:20;0 call:0
368,1060,940,Player1,0 call:20;0 call:20;0 call:0;0 call:20
369,1060,940,Player1,0 call:20;0 call:0;0 call:20;0 call:20
370,940,1060,Opponent,0 call:20;0 call:0;0 call:20;0 call:20
371,1070,930,Player1,0 call:30;0 call:0;0 call:20;0 call:20
372,1070,930,Player1,0 call:30;0 call:0;0 call:20;0 call:20
373,1050,950,Player1,0 call:30;0 call:20;0 call:0;0 call:0
374,950,1050,Opponent,0 call:30;0 call:0;0 call:0;0 call:20
375,930,1070,Opponent,0 call:30;0 call:20;0 call:0;0 call:20
376,1060,940,Player1,0 call:20;0 call:0;0 call:20;0 call:20
377,960,1040,Opponent,0 call:20;0 call:0;0 call:20;0 call:0
378,920,1080,Opponent,0 call:20;0 call:20;0 call:20;0 call:20
379,960,1040,Opponent,0 call:20;0 call:20;0 call:0;0 call:0
380,910,1090,Opponent,0 call:30;0 call:20;0 call:20;0 call:20
381,910,1090,Opponent,0 call:30;0 call:20;0 call:20;0 call:20
382,940,1060,Opponent,0 call:20;0 call:20;0 call:20;0 call:0
383,950,1050,Opponent,0 call:30;0 call:0;0 call:20;0 call:0
384,970,1030,Opponent,0 call:30;0 call:0;0 call:0;0 call:0
385,930,1070,Opponent,0 call:30;0 call:0;0 call:20;0 call:20
386,930,1070,Opponent,0 call:30;0 call:0;0 call:20;0 call:20
387,1060,940,Player1,0 call:20;0 call:20;0 call:20;0 call:0
388,1050,950,Player1,0 call:30;0 call:20;0 call:0;0 call:0
389,1080,920,Player1,0 call:20;0 call:20;0 call:20;0 call:20
390,1050,950,Player1,0 call:30;0 call:0;0 call:20;0 call:0
391,950,1050,Opponent,0 call:30;0 call:0;0 call:0;0 call:20
392,910,1090,Opponent,0 call:30;0 call:20;0 call:20;0 call:20
393,940,1060,Opponent,0 call:20;0 call:0;0 call:20;0 call:20
394,1090,910,Player1,0 call:30;0 call:20;0 call:20;0 call:20
395,1090,910,Player1,0 call:30;0 call:20;0 call:20;0 call:20
396,1060,940,Player1,0 call:20;0 call:20;0 call:20;0 call:0
397,940,1060,Opponent,0 call:20;0 call:20;0 call:20;0 call:0
398,930,1070,Opponent,0 call:30;0 call:20;0 call:20;0 call:0
399,950,1050,Opponent,0 call:30;0 call:0;0 call:20;0 call:0
400,940,1060,Opponent,0 call:20;0 call:0;0 call:20;0 call:20
401,1050,950,Player1,0 call:30;0 call:20;0 call:0;0 call:0
402,1050,950,Player1,0 call:30;0 call:0;0 call:0;0 call:20
403,1040,960,Player1,0 call:20;0 call:20;0 call:0;0 call:0
404,920,1080,Opponent,0 call:20;0 call:20;0 call:20;0 call:20
405,910,1090,Opponent,0 call:30;0 call:20;0 call:20;0 call:20
406,1020,980,Player1,0 call:20;0 call:0;0 call:0;0 call:0
407,1090,910,Player1,0 call:30;0 call:20;0 call:20;0 call:20
408,1070,930,Player1,0 call:30;0 call:20;0 call:0;0 call:20
409,1060,940,Player1,0 call:20;0 call:0;0 call:20;0 call:20
410,1070,930,Player1,0 call:30;0 call:20;0 call:20;0 call:0
411,1040,960,Player1,0 call:20;0 call:0;0 call:20;0 call:0
412,930,1070,Opponent,0 call:30;0 call:0;0 call:20;0 call:20
413,1070,930,Player1,0 call:30;0 call:20;0 call:0;0 call:20
414,1060,940,Player1,0 call:20;0 call:20;0 call:20;0 call:0
415,1090,910,Player1,0 call:30;0 call:20;0 call:20;0 call:20
416,930,1070,Opponent,0 call:30;0 call:0;0 call:20;0 call:20
417,1070,930,Player1,0 call:30;0 call:20;0 call:0;0 call:20
418,1070,930,Player1,0 call:30;0 call:20;0 call:0;0 call:20
419,930,1070,Opponent,0 call:30;0 call:0;0 call:20;0 call:20
420,970,1030,Opponent,0 call:30;0 call:0;0 call:0;0 call:0
421,940,1060,Opponent,0 call:20;0 call:0;0 call:20;0 call:20
422,1070,930,Player1,0 call:30;0 call:20;0 call:20;0 call:0
423,950,1050,Opponent,0 call:30;0 call:0;0 call:0;0 call:20
424,950,1050,Opponent,0 call:30;0 call:0;0 call:20;0 call:0
425,950,1050,Opponent,0 call:30;0 call:20;0 call:0;0 call:0
426,950,1050,Opponent,0 call:30;0 call:0;0 call:20;0 call:0
427,1050,950,Player1,0 call:30;0 call:20;0 call:0;0 call:0
428,1030,970,Player1,0 call:30;0 call:0;0 call:0;0 call:0
429,1060,940,Player1,0 call:20;0 call:20;0 call:0;0 call:20
430,1070,930,Player1,0 call:30;0 call:20;0 call:20;0 call:0
431,950,1050,Opponent,0 call:30;0 call:0;0 call:20;0 call:0
432,940,1060,Opponent,0 call:20;0 call:20;0 call:20;0 call:0
433,1090,910,Player1,0 call:30;0 call:20;0 call:20;0 call:20
434,910,1090,Opponent,0 call:30;0 call:20;0 call:20;0 call:20
435,1070,930,Player1,0 call:30;0 call:20;0 call:20;0 call:0
436,930,1070,Opponent,0 call:30;0 call:20;0 call:20;0 call:0
437,1060,940,Player1,0 call:20;0 call:0;0 call:20;0 call:20
438,950,1050,Opponent,0 call:30;0 call:0;0 call:20;0 call:0
439,950,1050,Opponent,0 call:30;0 call:0;0 call:0;0 call:20
440,1000,1000,Player1,0 call:20;0 call:0;0 call:0;0 call:20
441,950,1050,Opponent,0 call:30;0 call:20;0 call:0;0 call:0
442,1070,930,Player1,0 call:30;0 call:20;0 call:20;0 call:0
443,1080,920,Player1,0 call:20;0 call:20;0 call:20;0 call:20
444,960,1040,Opponent,0 call:20;0 call:0;0 call:20;0 call:0
445,1060,940,Player1,0 call:20;0 call:20;0 call:20;0 call:0
446,910,1090,Opponent,0 call:30;0 call:20;0 call:20;0 call:20
447,1040,960,Player1,0 call:20;0 call:0;0 call:20;0 call:0
448,1070,930,Player1,0 call:30;0 call:0;0 call:20;0 call:20
449,1070,930,Player1,0 call:30;0 call:20;0 call:20;0 call:0
450,1040,960,Player1,0 call:20;0 call:20;0 call:0;0 call:0
451,1070,930,Player1,0 call:30;0 call:0;0 call:20;0 call:20
452,1030,970,Player1,0 call:30;0 call:0;0 call:0;0 call:0
453,940,1060,Opponent,0 call:20;0 call:0;0 call:20;0 call:20
454,940,1060,Opponent,0 call:20;0 call:20;0 call:0;0 call:20
455,1060,940,Player1,0 call:20;0 call:20;0 call:20;0 call:0
456,1050,950,Player1,0 call:30;0 call:0;0 call:20;0 call:0
457,960,1040,Opponent,0 call:20;0 call:0;0 call:20;0 call:0
458,1090,910,Player1,0 call:30;0 call:20;0 call:20;0 call:20
459,940,1060,Opponent,0 call:20;0 call:0;0 call:20;0 call:20
460,910,1090,Opponent,0 call:30;0 call:20;0 call:20;0 call:20
461,1050,950,Player1,0 call:30;0 call:0;0 call:20;0 call:0
462,930,1070,Opponent,0 call:30;0 call:0;0 call:20;0 call:20
463,1040,960,Player1,0 call:20;0 call:20;0 call:0;0 call:0
464,1080,920,Player1,0 call:20;0 call:20;0 call:20;0 call:20
465,1070,930,Player1,0 call:30;0 call:20;0 call:0;0 call:20
466,1050,950,Player1,0 call:30;0 call:0;0 call:20;0 call:0
467,1030,970,Player1,0 call:30;0 call:0;0 call:0;0 call:0
468,930,1070,Opponent,0 call:30;0 call:0;0 call:20;0 call:20
469,920,1080,Opponent,0 call:20;0 call:20;0 call:20;0 call:20
470,960,1040,Opponent,0 call:20;0 call:0;0 call:20;0 call:0
471,950,1050,Opponent,0 call:30;0 call:0;0 call:0;0 call:20
472,910,1090,Opponent,0 call:30;0 call:20;0 call:20;0 call:20
473,1050,950,Player1,0 call:30;0 call:0;0 call:20;0 call:0
474,1060,940,Player1,0 call:20;0 call:0;0 call:20;0 call:20
475,910,1090,Opponent,0 call:30;0 call:20;0 call:20;0 call:20
476,960,1040,Opponent,0 call:20;0 call:0;0 call:20;0 call:0
477,930,1070,Opponent,0 call:30;0 call:20;0 call:20;0 call:0
478,1060,940,Player1,0 call:20;0 call:20;0 call:20;0 call:0
479,960,1040,Opponent,0 call:20;0 call:0;0 call:20;0 call:0
480,1030,970,Player1,0 call:30;0 call:0;0 call:0;0 call:0
481,930,1070,Opponent,0 call:30;0 call:0;0 call:20;0 call:20
482,930,1070,Opponent,0 call:30;0 call:0;0 call:20;0 call:20
483,960,1040,Opponent,0 call:20;0 call:0;0 call:0;0 call:20
484,940,1060,Opponent,0 call:20;0 call:0;0 call:20;0 call:20
485,1030,970,Player1,0 call:30;0 call:0;0 call:0;0 call:0
486,1090,910,Player1,0 call:30;0 call:20;0 call:20;0 call:20
487,930,1070,Opponent,0 call:30;0 call:0;0 call:20;0 call:20
488,1040,960,Player1,0 call:20;0 call:0;0 call:0;0 call:20
489,1040,960,Player1,0 call:20;0 call:20;0 call:0;0 call:0
490,1060,940,Player1,0 call:20;0 call:0;0 call:20;0 call:20
491,1050,950,Player1,0 call:30;0 call:20;0 call:0;0 call:0
492,1070,930,Player1,0 call:30;0 call:0;0 call:20;0 call:20
493,950,1050,Opponent,0 call:30;0 call:0;0 call:0;0 call:20
494,1070,930,Player1,0 call:30;0 call:0;0 call:20;0 call:20
495,1070,930,Player1,0 call:30;0 call:20;0 call:0;0 call:20
496,1070,930,Player1,0 call:30;0 call:20;0 call:0;0 call:20
497,1080,920,Player1,0 call:20;0 call:20;0 call:20;0 call:20
498,1070,930,Player1,0 call:30;0 call:20;0 call:0;0 call:20
499,930,1070,Opponent,0 call:30;0 call:20;0 call:0;0 call:20
500,950,1050,Opponent,0 call:30;0 call:0;0 call:20;0 call:0
501,980,1020,Opponent,0 call:20;0 call:0;0 call:0;0 call:0
502,930,1070,Opponent,0 call:30;0 call:20;0 call:0;0 call:20
503,1070,930,Player1,0 call:30;0 call:20;0 call:20;0 call:0
504,960,1040,Opponent,0 call:20;0 call:20;0 call:0;0 call:0
505,980,1020,Opponent,0 call:20;0 call:0;0 call:0;0 call:0
506,1070,930,Player1,0 call:30;0 call:20;0 call:20;0 call:0
507,1060,940,Player1,0 call:20;0 call:20;0 call:20;0 call:0
508,940,1060,Opponent,0 call:20;0 call:0;0 call:20;0 call:20
509,1090,910,Player1,0 call:30;0 call:20;0 call:20;0 call:20
510,1090,910,Player1,0 call:30;0 call:20;0 call:20;0 call:20
511,1080,920,Player1,0 call:20;0 call:20;0 call:20;0 call:20
512,1090,910,Player1,0 call:30;0 call:20;0 call:20;0 call:20
513,960,1040,Opponent,0 call:20;0 call:0;0 call:20;0 call:0
514,1070,930,Player1,0 call:30;0 call:20;0 call:0;0 call:20
515,940,1060,Opponent,0 call:20;0 call:0;0 call:20;0 call:20
516,1040,960,Player1,0 call:20;0 call:20;0 call:0;0 call:0
517,1040,960,Player1,0 call:20;0 call:0;0 call:20;0 call:0
518,1070,930,Player1,0 call:30;0 call:20;0 call:20;0 call:0
519,940,1060,Opponent,0 call:20;0 call:20;0 call:20;0 call:0
520,1060,940,Player1,0 call:20;0 call:20;0 call:20;0 call:0
521,1090,910,Player1,0 call:30;0 call:20;0 call:20;0 call:20
522,1090,910,Player1,0 call:30;0 call:20;0 call:20;0 call:20
523,1070,930,Player1,0 call:30;0 call:20;0 call:0;0 call:20
524,910,1090,Opponent,0 call:30;0 call:20;0 call:20;0 call:20
525,960,1040,Opponent,0 call:20;0 call:0;0 call:0;0 call:20
526,1060,940,Player1,0 call:20;0 call:0;0 call:20;0 call:20
527,1060,940,Player1,0 call:20;0 call:20;0 call:20;0 call:0
528,910,1090,Opponent,0 call:30;0 call:20;0 call:20;0 call:20
529,930,1070,Opponent,0 call:30;0 call:0;0 call:20;0 call:20
530,910,1090,Opponent,0 call:30;0 call:20;0 call:20;0 call:20
531,1070,930,Player1,0 call:30;0 call:20;0 call:0;0 call:20
532,980,1020,Opponent,0 call:20;0 call:0;0 call:0;0 call:0
533,1050,950,Player1,0 call:30;0 call:20;0 call:0;0 call:0
534,930,1070,Opponent,0 call:30;0 call:20;0 call:0;0 call:20
535,1060,940,Player1,0 call:20;0 call:20;0 call:0;0 call:20
536,1090,910,Player1,0 call:30;0 call:20;0 call:20;0 call:20
537,1050,950,Player1,0 call:30;0 call:0;0 call:0;0 call:20
538,1070,930,Player1,0 call:30;0 call:0;0 call:20;0 call:20
539,910,1090,Opponent,0 call:30;0 call:20;0 call:20;0 call:20
540,960,1040,Opponent,0 call:20;0 call:0;0 call:20;0 call:0
541,1060,940,Player1,0 call:20;0 call:0;0 call:20;0 call:20
542,960,1040,Opponent,0 call:20;0 call:0;0 call:0;0 call:20
543,930,1070,Opponent,0 call:30;0 call:20;0 call:20;0 call:0
544,950,1050,Opponent,0 call:30;0 call:20;0 call:0;0 call:0
545,960,1040,Opponent,0 call:20;0 call:20;0 call:0;0 call:0
546,950,1050,Opponent,0 call:30;0 call:0;0 call:0;0 call:20
547,1070,930,Player1,0 call:30;0 call:0;0 call:20;0 call:20
548,1050,950,Player1,0 call:30;0 call:0;0 call:0;0 call:20
549,960,1040,Opponent,0 call:20;0 call:20;0 call:0;0 call:0
550,1070,930,Player1,0 call:30;0 call:20;0 call:20;0 call:0
551,910,1090,Opponent,0 call:30;0 call:20;0 call:20;0 call:20
552,950,1050,Opponent,0 call:30;0 call:0;0 call:20;0 call:0
553,1090,910,Player1,0 call:30;0 call:20;0 call:20;0 call:20
554,1040,960,Player1,0 call:20;0 call:0;0 call:20;0 call:0
555,930,1070,Opponent,0 call:30;0 call:20;0 call:20;0 call:0
556,1070,930,Player1,0 call:30;0 call:20;0 call:0;0 call:20
557,930,1070,Opponent,0 call:30;0 call:20;0 call:20;0 call:0
558,940,1060,Opponent,0 call:20;0 call:20;0 call:20;0 call:0
559,930,1070,Opponent,0 call:30;0 call:0;0 call:20;0 call:20
560,1070,930,Player1,0 call:30;0 call:0;0 call:20;0 call:20
561,1080,920,Player1,0 call:20;0 call:20;0 call:20;0 call:20
562,1080,920,Player1,0 call:20;0 call:20;0 call:20;0 call:20
563,1020,980,Player1,0 call:20;0 call:0;0 call:0;0 call:0
564,950,1050,Opponent,0 call:30;0 call:20;0 call:0;0 call:0
565,1080,920,Player1,0 call:20;0 call:20;0 call:20;0 call:20
566,1060,940,Player1,0 call:20;0 call:0;0 call:20;0 call:20
567,940,1060,Opponent,0 call:20;0 call:0;0 call:20;0 call:20
568,940,1060,Opponent,0 call:20;0 call:20;0 call:20;0 call:0
569,1060,940,Player1,0 call:20;0 call:20;0 call:0;0 call:20
570,1070,930,Player1,0 call:30;0 call:20;0 call:20;0 call:0
571,920,1080,Opponent,0 call:20;0 call:20;0 call:20;0 call:20
572,1070,930,Player1,0 call:30;0 call:0;0 call:20;0 call:20
573,1090,910,Player1,0 call:30;0 call:20;0 call:20;0 call:20
574,1060,940,Player1,0 call:20;0 call:0;0 call:20;0 call:20
575,1070,930,Player1,0 call:30;0 call:20;0 call:20;0 call:0
576,1040,960,Player1,0 call:20;0 call:0;0 call:0;0 call:20
577,940,1060,Opponent,0 call:20;0 call:0;0 call:20;0 call:20
578,1070,930,Player1,0 call:30;0 call:20;0 call:20;0 call:0
579,960,1040,Opponent,0 call:20;0 call:0;0 call:0;0 call:20
580,940,1060,Opponent,0 call:20;0 call:0;0 call:20;0 call:20
581,1090,910,Player1,0 call:30;0 call:20;0 call:20;0 call:20
582,1090,910,Player1,0 call:30;0 call:20;0 call:20;0 call:20
583,980,1020,Opponent,0 call:20;0 call:0;0 call:0;0 call:0
584,1060,940,Player1,0 call:20;0 call:20;0 call:20;0 call:0
585,960,1040,Opponent,0 call:20;0 call:20;0 call:0;0 call:0
586,1050,950,Player1,0 call:30;0 call:0;0 call:20;0 call:0
587,1090,910,Player1,0 call:30;0 call:20;0 call:20;0 call:20
588,940,1060,Opponent,0 call:20;0 call:0;0 call:20;0 call:20
589,1070,930,Player1,0 call:30;0 call:0;0 call:20;0 call:20
590,1070,930,Player1,0 call:30;0 call:0;0 call:20;0 call:20
591,920,1080,Opponent,0 call:20;0 call:20;0 call:20;0 call:20
592,970,1030,Opponent,0 call:30;0 call:0;0 call:0;0 call:0
593,960,1040,Opponent,0 call:20;0 call:0;0 call:20;0 call:0
594,1070,930,Player1,0 call:30;0 call:0;0 call:20;0 call:20
595,950,1050,Opponent,0 call:30;0 call:0;0 call:0;0 call:20
596,1080,920,Player1,0 call:20;0 call:20;0 call:20;0 call:20
597,950,1050,Opponent,0 call:30;0 call:0;0 call:20;0 call:0
598,910,1090,Opponent,0 call:30;0 call:20;0 call:20;0 call:20
599,930,1070,Opponent,0 call:30;0 call:20;0 call:20;0 call:0
600,1060,940,Player1,0 call:20;0 call:20;0 call:20;0 call:0
601,1040,960,Player1,0 call:20;0 call:20;0 call:0;0 call:0
602,920,1080,Opponent,0 call:20;0 call:20;0 call:20;0 call:20
603,1070,930,Player1,0 call:30;0 call:0;0 call:20;0 call:20
604,1070,930,Player1,0 call:30;0 call:0;0 call:20;0 call:20
605,1000,1000,Player1,0 call:20;0 call:0;0 call:20;0 call:20
606,1060,940,Player1,0 call:20;0 call:20;0 call:20;0 call:0
607,950,1050,Opponent,0 call:30;0 call:20;0 call:0;0 call:0
608,1080,920,Player1,0 call:20;0 call:20;0 call:20;0 call:20
609,1080,920,Player1,0 call:20;0 call:20;0 call:20;0 call:20
610,1070,930,Player1,0 call:30;0 call:20;0 call:0;0 call:20
611,920,1080,Opponent,0 call:20;0 call:20;0 call:20;0 call:20
612,1050,950,Player1,0 call:30;0 call:0;0 call:0;0 call:20
613,1090,910,Player1,0 call:30;0 call:20;0 call:20;0 call:20
614,1060,940,Player1,0 call:20;0 call:20;0 call:20;0 call:0
615,940,1060,Opponent,0 call:20;0 call:20;0 call:0;0 call:20
616,930,1070,Opponent,0 call:30;0 call:20;0 call:20;0 call:0
617,1070,930,Player1,0 call:30;0 call:20;0 call:0;0 call:20
618,910,1090,Opponent,0 call:30;0 call:20;0 call:20;0 call:20
619,1080,920,Player1,0 call:20;0 call:20;0 call:20;0 call:20
620,930,1070,Opponent,0 call:30;0 call:20;0 call:0;0 call:20
621,930,1070,Opponent,0 call:30;0 call:0;0 call:20;0 call:20
622,940,1060,Opponent,0 call:20;0 call:20;0 call:0;0 call:20
623,910,1090,Opponent,0 call:30;0 call:20;0 call:20;0 call:20
624,1070,930,Player1,0 call:30;0 call:20;0 call:0;0 call:20
625,1090,910,Player1,0 call:30;0 call:20;0 call:20;0 call:20
626,1080,920,Player1,0 call:20;0 call:20;0 call:20;0 call:20
627,980,1020,Opponent,0 call:20;0 call:0;0 call:0;0 call:0
628,940,1060,Opponent,0 call:20;0 call:20;0 call:20;0 call:0
629,940,1060,Opponent,0 call:20;0 call:20;0 call:0;0 call:20
630,1070,930,Player1,0 call:30;0 call:20;0 call:20;0 call:0
631,950,1050,Opponent,0 call:30;0 call:0;0 call:20;0 call:0
632,1020,980,Player1,0 call:20;0 call:0;0 call:0;0 call:0
633,950,1050,Opponent,0 call:30;0 call:0;0 call:20;0 call:0
634,930,1070,Opponent,0 call:30;0 call:0;0 call:20;0 call:20
635,910,1090,Opponent,0 call:30;0 call:20;0 call:20;0 call:20
636,1070,930,Player1,0 call:30;0 call:20;0 call:20;0 call:0
637,1090,910,Player1,0 call:30;0 call:20;0 call:20;0 call:20
638,1070,930,Player1,0 call:30;0 call:20;0 call:0;0 call:20
639,1070,930,Player1,0 call:30;0 call:20;0 call:20;0 call:0
640,1060,940,Player1,0 call:20;0 call:0;0 call:20;0 call:20
641,950,1050,Opponent,0 call:30;0 call:0;0 call:20;0 call:0
642,1030,970,Player1,0 call:30;0 call:0;0 call:0;0 call:0
643,1060,940,Player1,0 call:20;0 call:20;0 call:0;0 call:20
644,1070,930,Player1,0 call:30;0 call:20;0 call:0;0 call:20
645,910,1090,Opponent,0 call:30;0 call:20;0 call:20;0 call:20
646,960,1040,Opponent,0 call:20;0 call:0;0 call:20;0 call:0
647,950,1050,Opponent,0 call:30;0 call:20;0 call:0;0 call:0
648,1050,950,Player1,0 call:30;0 call:0;0 call:20;0 call:0
649,930,1070,Opponent,0 call:30;0 call:20;0 call:0;0 call:20
650,950,1050,Opponent,0 call:30;0 call:0;0 call:0;0 call:20
651,940,1060,Opponent,0 call:20;0 call:0;0 call:20;0 call:20
652,930,1070,Opponent,0 call:30;0 call:0;0 call:20;0 call:20
653,1040,960,Player1,0 call:20;0 call:0;0 call:0;0 call:20
654,940,1060,Opponent,0 call:20;0 call:20;0 call:0;0 call:20
655,930,1070,Opponent,0 call:30;0 call:20;0 call:20;0 call:0
656,950,1050,Opponent,0 call:30;0 call:0;0 call:0;0 call:20
657,980,1020,Opponent,0 call:20;0 call:0;0 call:0;0 call:0
658,1080,920,Player1,0 call:20;0 call:20;0 call:20;0 call:20
659,950,1050,Opponent,0 call:30;0 call:20;0 call:0;0 call:0
660,940,1060,Opponent,0 call:20;0 call:20;0 call:0;0 call:20
661,1040,960,Player1,0 call:20;0 call:0;0 call:20;0 call:0
662,930,1070,Opponent,0 call:30;0 call:20;0 call:20;0 call:0
663,910,1090,Opponent,0 call:30;0 call:20;0 call:20;0 call:20
664,930,1070,Opponent,0 call:30;0 call:20;0 call:20;0 call:0
665,1060,940,Player1,0 call:20;0 call:0;0 call:20;0 call:20
666,1050,950,Player1,0 call:30;0 call:0;0 call:20;0 call:0
667,1070,930,Player1,0 call:30;0 call:20;0 call:20;0 call:0
668,910,1090,Opponent,0 call:30;0 call:20;0 call:20;0 call:20
669,920,1080,Opponent,0 call:20;0 call:20;0 call:20;0 call:20
670,920,1080,Opponent,0 call:20;0 call:20;0 call:20;0 call:20
671,920,1080,Opponent,0 call:20;0 call:20;0 call:20;0 call:20
672,930,1070,Opponent,0 call:30;0 call:0;0 call:20;0 call:20
673,1050,950,Player1,0 call:30;0 call:0;0 call:20;0 call:0
674,950,1050,Opponent,0 call:30;0 call:0;0 call:20;0 call:0
675,940,1060,Opponent,0 call:20;0 call:20;0 call:0;0 call:20
676,940,1060,Opponent,0 call:20;0 call:20;0 call:0;0 call:20
677,930,1070,Opponent,0 call:30;0 call:20;0 call:20;0 call:0
678,950,1050,Opponent,0 call:30;0 call:0;0 call:0;0 call:20
679,950,1050,Opponent,0 call:30;0 call:0;0 call:0;0 call:20
680,1070,930,Player1,0 call:30;0 call:20;0 call:20;0 call:0
681,1060,940,Player1,0 call:20;0 call:20;0 call:0;0 call:20
682,950,1050,Opponent,0 call:30;0 call:0;0 call:0;0 call:20
683,920,1080,Opponent,0 call:20;0 call:20;0 call:20;0 call:20
684,1070,930,Player1,0 call:30;0 call:0;0 call:20;0 call:20
685,920,1080,Opponent,0 call:20;0 call:20;0 call:20;0 call:20
686,1020,980,Player1,0 call:20;0 call:0;0 call:0;0 call:0
687,960,1040,Opponent,0 call:20;0 call:0;0 call:20;0 call:0
688,950,1050,Opponent,0 call:30;0 call:0;0 call:20;0 call:0
689,1070,930,Player1,0 call:30;0 call:0;0 call:20;0 call:20
690,1050,950,Player1,0 call:30;0 call:20;0 call:0;0 call:0
691,960,1040,Opponent,0 call:20;0 call:0;0 call:20;0 call:0
692,1040,960,Player1,0 call:20;0 call:20;0 call:0;0 call:0
693,910,1090,Opponent,0 call:30;0 call:20;0 call:20;0 call:20
694,940,1060,Opponent,0 call:20;0 call:0;0 call:20;0 call:20
695,1060,940,Player1,0 call:20;0 call:20;0 call:0;0 call:20
696,1050,950,Player1,0 call:30;0 call:20;0 call:0;0 call:0
697,950,1050,Opponent,0 call:30;0 call:20;0 call:0;0 call:0
698,940,1060,Opponent,0 call:20;0 call:20;0 call:20;0 call:0
699,970,1030,Opponent,0 call:30;0 call:0;0 call:0;0 call:0
700,1040,960,Player1,0 call:20;0 call:0;0 call:20;0 call:0
701,970,1030,Opponent,0 call:30;0 call:0;0 call:0;0 call:0
702,1020,980,Player1,0 call:20;0 call:0;0 call:0;0 call:0
703,950,1050,Opponent,0 call:30;0 call:20;0 call:0;0 call:0
704,920,1080,Opponent,0 call:20;0 call:20;0 call:20;0 call:20
705,940,1060,Opponent,0 call:20;0 call:20;0 call:0;0 call:20
706,1060,940,Player1,0 call:20;0 call:20;0 call:20;0 call:0
707,1050,950,Player1,0 call:30;0 call:0;0 call:0;0 call:20
708,1090,910,Player1,0 call:30;0 call:20;0 call:20;0 call:20
709,950,1050,Opponent,0 call:30;0 call:0;0 call:20;0 call:0
710,930,1070,Opponent,0 call:30;0 call:20;0 call:20;0 call:0
711,930,1070,Opponent,0 call:30;0 call:20;0 call:20;0 call:0
712,930,1070,Opponent,0 call:30;0 call:20;0 call:20;0 call:0
713,1030,970,Player1,0 call:30;0 call:0;0 call:0;0 call:0
714,940,1060,Opponent,0 call:20;0 call:20;0 call:20;0 call:0
715,930,1070,Opponent,0 call:30;0 call:20;0 call:0;0 call:20
716,1060,940,Player1,0 call:20;0 call:20;0 call:20;0 call:0
717,930,1070,Opponent,0 call:30;0 call:0;0 call:20;0 call:20
718,1030,970,Player1,0 call:30;0 call:0;0 call:0;0 call:0
719,1040,960,Player1,0 call:20;0 call:20;0 call:0;0 call:0
720,1080,920,Player1,0 call:20;0 call:20;0 call:20;0 call:20
721,1080,920,Player1,0 call:20;0 call:20;0 call:20;0 call:20
722,1050,950,Player1,0 call:30;0 call:0;0 call:20;0 call:0
723,920,1080,Opponent,0 call:20;0 call:20;0 call:20;0 call:20
724,920,1080,Opponent,0 call:20;0 call:20;0 call:20;0 call:20
725,1090,910,Player1,0 call:30;0 call:20;0 call:20;0 call:20
726,960,1040,Opponent,0 call:20;0 call:0;0 call:20;0 call:0
727,930,1070,Opponent,0 call:30;0 call:20;0 call:0;0 call:20
728,940,1060,Opponent,0 call:20;0 call:0;0 call:20;0 call:20
729,1060,940,Player1,0 call:20;0 call:0;0 call:20;0 call:20
730,1090,910,Player1,0 call:30;0 call:20;0 call:20;0 call:20
731,1040,960,Player1,0 call:20;0 call:20;0 call:0;0 call:0
732,1050,950,Player1,0 call:30;0 call:0;0 call:0;0 call:20
733,1090,910,Player1,0 call:30;0 call:20;0 call:20;0 call:20
734,940,1060,Opponent,0 call:20;0 call:0;0 call:20;0 call:20
735,960,1040,Opponent,0 call:20;0 call:0;0 call:20;0 call:0
736,940,1060,Opponent,0 call:20;0 call:20;0 call:0;0 call:20
737,1070,930,Player1,0 call:30;0 call:0;0 call:20;0 call:20
738,910,1090,Opponent,0 call:30;0 call:20;0 call:20;0 call:20
739,910,1090,Opponent,0 call:30;0 call:20;0 call:20;0 call:20
740,930,1070,Opponent,0 call:30;0 call:20;0 call:20;0 call:0
741,940,1060,Opponent,0 call:20;0 call:20;0 call:0;0 call:20
742,1070,930,Player1,0 call:30;0 call:20;0 call:20;0 call:0
743,940,1060,Opponent,0 call:20;0 call:20;0 call:20;0 call:0
744,1060,940,Player1,0 call:20;0 call:20;0 call:20;0 call:0
745,960,1040,Opponent,0 call:20;0 call:20;0 call:0;0 call:0
746,950,1050,Opponent,0 call:30;0 call:20;0 call:0;0 call:0
747,1080,920,Player1,0 call:20;0 call:20;0 call:20;0 call:20
748,1030,970,Player1,0 call:30;0 call:0;0 call:0;0 call:0
749,1040,960,Player1,0 call:20;0 call:0;0 call:0;0 call:20
750,940,1060,Opponent,0 call:20;0 call:0;0 call:20;0 call:20
751,950,1050,Opponent,0 call:30;0 call:0;0 call:0;0 call:20
752,1050,950,Player1,0 call:30;0 call:20;0 call:0;0 call:0
753,1060,940,Player1,0 call:20;0 call:20;0 call:0;0 call:20
754,980,1020,Opponent,0 call:20;0 call:0;0 call:0;0 call:0
755,910,1090,Opponent,0 call:30;0 call:20;0 call:20;0 call:20
756,1060,940,Player1,0 call:20;0 call:20;0 call:20;0 call:0
757,1070,930,Player1,0 call:30;0 call:20;0 call:0;0 call:20
758,950,1050,Opponent,0 call:30;0 call:0;0 call:0;0 call:20
759,1050,950,Player1,0 call:30;0 call:20;0 call:0;0 call:0
760,980,1020,Opponent,0 call:20;0 call:0;0 call:0;0 call:0
761,940,1060,Opponent,0 call:20;0 call:20;0 call:20;0 call:0
762,1030,970,Player1,0 call:30;0 call:0;0 call:0;0 call:0
763,930,1070,Opponent,0 call:30;0 call:0;0 call:20;0 call:20
764,970,1030,Opponent,0 call:30;0 call:0;0 call:0;0 call:0
765,1040,960,Player1,0 call:20;0 call:0;0 call:0;0 call:20
766,1070,930,Player1,0 call:30;0 call:0;0 call:20;0 call:20
767,960,1040,Opponent,0 call:20;0 call:20;0 call:0;0 call:0
768,1050,950,Player1,0 call:30;0 call:20;0 call:0;0 call:0
769,1000,1000,Player1,0 call:30;0 call:20;0 call:0;0 call:20
770,950,1050,Opponent,0 call:30;0 call:20;0 call:0;0 call:0
771,1070,930,Player1,0 call:30;0 call:20;0 call:0;0 call:20
772,1070,930,Player1,0 call:30;0 call:20;0 call:0;0 call:20
773,1070,930,Player1,0 call:30;0 call:0;0 call:20;0 call:20
774,930,1070,Opponent,0 call:30;0 call:20;0 call:0;0 call:20
775,910,1090,Opponent,0 call:30;0 call:20;0 call:20;0 call:20
776,1070,930,Player1,0 call:30;0 call:20;0 call:20;0 call:0
777,940,1060,Opponent,0 call:20;0 call:20;0 call:0;0 call:20
778,1050,950,Player1,0 call:30;0 call:0;0 call:0;0 call:20
779,960,1040,Opponent,0 call:20;0 call:20;0 call:0;0 call:0
780,1080,920,Player1,0 call:20;0 call:20;0 call:20;0 call:20
781,950,1050,Opponent,0 call:30;0 call:0;0 call:20;0 call:0
782,1070,930,Player1,0 call:30;0 call:0;0 call:20;0 call:20
783,960,1040,Opponent,0 call:20;0 call:20;0 call:0;0 call:0
784,1060,940,Player1,0 call:20;0 call:0;0 call:20;0 call:20
785,940,1060,Opponent,0 call:20;0 call:20;0 call:20;0 call:0
786,930,1070,Opponent,0 call:30;0 call:20;0 call:20;0 call:0
787,940,1060,Opponent,0 call:20;0 call:20;0 call:20;0 call:0
788,1070,930,Player1,0 call:30;0 call:20;0 call:20;0 call:0
789,1060,940,Player1,0 call:20;0 call:20;0 call:0;0 call:20
790,1080,920,Player1,0 call:20;0 call:20;0 call:20;0 call:20
791,1080,920,Player1,0 call:20;0 call:20;0 call:20;0 call:20
792,1070,930,Player1,0 call:30;0 call:20;0 call:20;0 call:0
793,940,1060,Opponent,0 call:20;0 call:20;0 call:0;0 call:20
794,1090,910,Player1,0 call:30;0 call:20;0 call:20;0 call:20
795,1090,910,Player1,0 call:30;0 call:20;0 call:20;0 call:20
796,1030,970,Player1,0 call:30;0 call:0;0 call:0;0 call:0
797,1050,950,Player1,0 call:30;0 call:20;0 call:0;0 call:0
798,1070,930,Player1,0 call:30;0 call:0;0 call:20;0 call:20
799,1090,910,Player1,0 call:30;0 call:20;0 call:20;0 call:20
800,1090,910,Player1,0 call:30;0 call:20;0 call:20;0 call:20
801,1060,940,Player1,0 call:20;0 call:20;0 call:0;0 call:20
802,1090,910,Player1,0 call:30;0 call:20;0 call:20;0 call:20
803,1050,950,Player1,0 call:30;0 call:20;0 call:0;0 call:0
804,1060,940,Player1,0 call:20;0 call:0;0 call:20;0 call:20
805,940,1060,Opponent,0 call:20;0 call:20;0 call:0;0 call:20
806,930,1070,Opponent,0 call:30;0 call:0;0 call:20;0 call:20
807,930,1070,Opponent,0 call:30;0 call:0;0 call:20;0 call:20
808,960,1040,Opponent,0 call:20;0 call:0;0 call:20;0 call:0
809,960,1040,Opponent,0 call:20;0 call:20;0 call:0;0 call:0
810,1070,930,Player1,0 call:30;0 call:20;0 call:0;0 call:20
811,1060,940,Player1,0 call:20;0 call:20;0 call:20;0 call:0
812,1080,920,Player1,0 call:20;0 call:20;0 call:20;0 call:20
813,930,1070,Opponent,0 call:30;0 call:20;0 call:20;0 call:0
814,1060,940,Player1,0 call:20;0 call:0;0 call:20;0 call:20
815,1050,950,Player1,0 call:30;0 call:0;0 call:20;0 call:0
816,950,1050,Opponent,0 call:30;0 call:20;0 call:0;0 call:0
817,960,1040,Opponent,0 call:20;0 call:0;0 call:20;0 call:0
818,950,1050,Opponent,0 call:30;0 call:20;0 call:0;0 call:0
819,960,1040,Opponent,0 call:20;0 call:0;0 call:20;0 call:0
820,930,1070,Opponent,0 call:30;0 call:0;0 call:20;0 call:20
821,970,1030,Opponent,0 call:30;0 call:0;0 call:0;0 call:0
822,1050,950,Player1,0 call:30;0 call:0;0 call:0;0 call:20
823,960,1040,Opponent,0 call:20;0 call:0;0 call:20;0 call:0
824,1020,980,Player1,0 call:20;0 call:0;0 call:0;0 call:0
825,1050,950,Player1,0 call:30;0 call:0;0 call:0;0 call:20
826,1060,940,Player1,0 call:20;0 call:0;0 call:20;0 call:20
827,920,1080,Opponent,0 call:20;0 call:20;0 call:20;0 call:20
828,1080,920,Player1,0 call:20;0 call:20;0 call:20;0 call:20
829,960,1040,Opponent,0 call:20;0 call:20;0 call:0;0 call:0
830,960,1040,Opponent,0 call:20;0 call:0;0 call:20;0 call:0
831,910,1090,Opponent,0 call:30;0 call:20;0 call:20;0 call:20
832,950,1050,Opponent,0 call:30;0 call:0;0 call:0;0 call:20
833,1050,950,Player1,0 call:30;0 call:0;0 call:0;0 call:20
834,950,1050,Opponent,0 call:30;0 call:0;0 call:0;0 call:20
835,1090,910,Player1,0 call:30;0 call:20;0 call:20;0 call:20
836,1080,920,Player1,0 call:20;0 call:20;0 call:20;0 call:20
837,1020,980,Player1,0 call:20;0 call:0;0 call:0;0 call:0
838,950,1050,Opponent,0 call:30;0 call:0;0 call:0;0 call:20
839,1070,930,Player1,0 call:30;0 call:20;0 call:20;0 call:0
840,1070,930,Player1,0 call:30;0 call:20;0 call:0;0 call:20
841,1070,930,Player1,0 call:30;0 call:20;0 call:20;0 call:0
842,1090,910,Player1,0 call:30;0 call:20;0 call:20;0 call:20
843,930,1070,Opponent,0 call:30;0 call:20;0 call:0;0 call:20
844,1070,930,Player1,0 call:30;0 call:0;0 call:20;0 call:20
845,1060,940,Player1,0 call:20;0 call:0;0 call:20;0 call:20
846,1080,920,Player1,0 call:20;0 call:20;0 call:20;0 call:20
847,1090,910,Player1,0 call:30;0 call:20;0 call:20;0 call:20
848,1040,960,Player1,0 call:20;0 call:0;0 call:0;0 call:20
849,930,1070,Opponent,0 call:30;0 call:20;0 call:20;0 call:0
850,950,1050,Opponent,0 call:30;0 call:20;0 call:0;0 call:0
851,1040,960,Player1,0 call:20;0 call:0;0 call:20;0 call:0
852,1050,950,Player1,0 call:30;0 call:20;0 call:0;0 call:0
853,1070,930,Player1,0 call:30;0 call:0;0 call:20;0 call:20
854,1060,940,Player1,0 call:20;0 call:20;0 call:0;0 call:20
855,1040,960,Player1,0 call:20;0 call:0;0 call:20;0 call:0
856,930,1070,Opponent,0 call:30;0 call:20;0 call:20;0 call:0
857,1070,930,Player1,0 call:30;0 call:0;0 call:20;0 call:20
858,940,1060,Opponent,0 call:20;0 call:20;0 call:20;0 call:0
859,940,1060,Opponent,0 call:20;0 call:20;0 call:20;0 call:0
860,1090,910,Player1,0 call:30;0 call:20;0 call:20;0 call:20
861,910,1090,Opponent,0 call:30;0 call:20;0 call:20;0 call:20
862,1070,930,Player1,0 call:30;0 call:20;0 call:0;0 call:20
863,1070,930,Player1,0 call:30;0 call:20;0 call:0;0 call:20
864,940,1060,Opponent,0 call:20;0 call:20;0 call:0;0 call:20
865,1070,930,Player1,0 call:30;0 call:20;0 call:20;0 call:0
866,1090,910,Player1,0 call:30;0 call:20;0 call:20;0 call:20
867,910,1090,Opponent,0 call:30;0 call:20;0 call:20;0 call:20
868,1060,940,Player1,0 call:20;0 call:20;0 call:20;0 call:0
869,910,1090,Opponent,0 call:30;0 call:20;0 call:20;0 call:20
870,1070,930,Player1,0 call:30;0 call:20;0 call:0;0 call:20
871,930,1070,Opponent,0 call:30;0 call:20;0 call:0;0 call:20
872,940,1060,Opponent,0 call:20;0 call:20;0 call:20;0 call:0
873,950,1050,Opponent,0 call:30;0 call:0;0 call:0;0 call:20
874,950,1050,Opponent,0 call:30;0 call:20;0 call:0;0 call:0
875,1070,930,Player1,0 call:30;0 call:20;0 call:20;0 call:0
876,950,1050,Opponent,0 call:30;0 call:0;0 call:0;0 call:20
877,930,1070,Opponent,0 call:30;0 call:20;0 call:0;0 call:20
878,930,1070,Opponent,0 call:30;0 call:0;0 call:20;0 call:20
879,940,1060,Opponent,0 call:20;0 call:20;0 call:0;0 call:20
880,960,1040,Opponent,0 call:20;0 call:0;0 call:20;0 call:0
881,940,1060,Opponent,0 call:20;0 call:20;0 call:20;0 call:0
882,1060,940,Player1,0 call:20;0 call:20;0 call:20;0 call:0
883,1060,940,Player1,0 call:20;0 call:20;0 call:20;0 call:0
884,930,1070,Opponent,0 call:30;0 call:20;0 call:20;0 call:0
885,910,1090,Opponent,0 call:30;0 call:20;0 call:20;0 call:20
886,1050,950,Player1,0 call:30;0 call:0;0 call:0;0 call:20
887,930,1070,Opponent,0 call:30;0 call:0;0 call:20;0 call:20
888,950,1050,Opponent,0 call:30;0 call:0;0 call:0;0 call:20
889,910,1090,Opponent,0 call:30;0 call:20;0 call:20;0 call:20
890,910,1090,Opponent,0 call:30;0 call:20;0 call:20;0 call:20
891,1040,960,Player1,0 call:20;0 call:0;0 call:20;0 call:0
892,1080,920,Player1,0 call:20;0 call:20;0 call:20;0 call:20
893,1070,930,Player1,0 call:30;0 call:0;0 call:20;0 call:20
894,1090,910,Player1,0 call:30;0 call:20;0 call:20;0 call:20
895,1060,940,Player1,0 call:20;0 call:20;0 call:20;0 call:0
896,910,1090,Opponent,0 call:30;0 call:20;0 call:20;0 call:20
897,960,1040,Opponent,0 call:20;0 call:0;0 call:20;0 call:0
898,930,1070,Opponent,0 call:30;0 call:0;0 call:20;0 call:20
899,950,1050,Opponent,0 call:30;0 call:0;0 call:20;0 call:0
900,960,1040,Opponent,0 call:20;0 call:20;0 call:0;0 call:0
901,1090,910,Player1,0 call:30;0 call:20;0 call:20;0 call:20
902,920,1080,Opponent,0 call:20;0 call:20;0 call:20;0 call:20
903,930,1070,Opponent,0 call:30;0 call:20;0 call:0;0 call:20
904,1050,950,Player1,0 call:30;0 call:0;0 call:0;0 call:20
905,950,1050,Opponent,0 call:30;0 call:0;0 call:0;0 call:20
906,920,1080,Opponent,0 call:20;0 call:20;0 call:20;0 call:20
907,930,1070,Opponent,0 call:30;0 call:20;0 call:20;0 call:0
908,1050,950,Player1,0 call:30;0 call:0;0 call:0;0 call:20
909,1060,940,Player1,0 call:20;0 call:0;0 call:20;0 call:20
910,1030,970,Player1,0 call:30;0 call:0;0 call:0;0 call:0
911,910,1090,Opponent,0 call:30;0 call:20;0 call:20;0 call:20
912,910,1090,Opponent,0 call:30;0 call:20;0 call:20;0 call:20
913,1050,950,Player1,0 call:30;0 call:0;0 call:20;0 call:0
914,1060,940,Player1,0 call:20;0 call:0;0 call:20;0 call:20
915,1050,950,Player1,0 call:30;0 call:0;0 call:0;0 call:20
916,960,1040,Opponent,0 call:20;0 call:0;0 call:0;0 call:20
917,1040,960,Player1,0 call:20;0 call:0;0 call:0;0 call:20
918,940,1060,Opponent,0 call:20;0 call:20;0 call:20;0 call:0
919,940,1060,Opponent,0 call:20;0 call:0;0 call:20;0 call:20
920,1060,940,Player1,0 call:20;0 call:20;0 call:0;0 call:20
921,930,1070,Opponent,0 call:30;0 call:20;0 call:0;0 call:20
922,1090,910,Player1,0 call:30;0 call:20;0 call:20;0 call:20
923,940,1060,Opponent,0 call:20;0 call:0;0 call:20;0 call:20
924,940,1060,Opponent,0 call:20;0 call:0;0 call:20;0 call:20
925,1040,960,Player1,0 call:20;0 call:20;0 call:0;0 call:0
926,1070,930,Player1,0 call:30;0 call:0;0 call:20;0 call:20
927,1050,950,Player1,0 call:30;0 call:0;0 call:0;0 call:20
928,910,1090,Opponent,0 call:30;0 call:20;0 call:20;0 call:20
929,930,1070,Opponent,0 call:30;0 call:20;0 call:0;0 call:20
930,1050,950,Player1,0 call:30;0 call:0;0 call:20;0 call:0
931,1060,940,Player1,0 call:20;0 call:20;0 call:20;0 call:0
932,1090,910,Player1,0 call:30;0 call:20;0 call:20;0 call:20
933,970,1030,Opponent,0 call:30;0 call:0;0 call:0;0 call:0
934,960,1040,Opponent,0 call:20;0 call:0;0 call:20;0 call:0
935,950,1050,Opponent,0 call:30;0 call:0;0 call:0;0 call:20
936,940,1060,Opponent,0 call:20;0 call:20;0 call:0;0 call:20
937,930,1070,Opponent,0 call:30;0 call:20;0 call:20;0 call:0
938,1050,950,Player1,0 call:30;0 call:0;0 call:0;0 call:20
939,1050,950,Player1,0 call:30;0 call:20;0 call:0;0 call:0
940,1090,910,Player1,0 call:30;0 call:20;0 call:20;0 call:20
941,1040,960,Player1,0 call:20;0 call:20;0 call:0;0 call:0
942,930,1070,Opponent,0 call:30;0 call:0;0 call:20;0 call:20
943,1030,970,Player1,0 call:30;0 call:0;0 call:0;0 call:0
944,1070,930,Player1,0 call:30;0 call:20;0 call:20;0 call:0
945,1040,960,Player1,0 call:20;0 call:0;0 call:20;0 call:0
946,930,1070,Opponent,0 call:30;0 call:0;0 call:20;0 call:20
947,920,1080,Opponent,0 call:20;0 call:20;0 call:20;0 call:20
948,960,1040,Opponent,0 call:20;0 call:20;0 call:0;0 call:0
949,1050,950,Player1,0 call:30;0 call:20;0 call:0;0 call:0
950,960,1040,Opponent,0 call:20;0 call:0;0 call:20;0 call:0
951,1070,930,Player1,0 call:30;0 call:0;0 call:20;0 call:20
952,930,1070,Opponent,0 call:30;0 call:20;0 call:20;0 call:0
953,1030,970,Player1,0 call:30;0 call:0;0 call:0;0 call:0
954,930,1070,Opponent,0 call:30;0 call:0;0 call:20;0 call:20
955,910,1090,Opponent,0 call:30;0 call:20;0 call:20;0 call:20
956,1060,940,Player1,0 call:20;0 call:20;0 call:20;0 call:0
957,1050,950,Player1,0 call:30;0 call:20;0 call:0;0 call:0
958,1050,950,Player1,0 call:30;0 call:0;0 call:20;0 call:0
959,1070,930,Player1,0 call:30;0 call:0;0 call:20;0 call:20
960,1070,930,Player1,0 call:30;0 call:20;0 call:0;0 call:20
961,920,1080,Opponent,0 call:20;0 call:20;0 call:20;0 call:20
962,1070,930,Player1,0 call:30;0 call:20;0 call:20;0 call:0
963,1070,930,Player1,0 call:30;0 call:20;0 call:20;0 call:0
964,980,1020,Opponent,0 call:20;0 call:0;0 call:0;0 call:0
965,940,1060,Opponent,0 call:20;0 call:20;0 call:0;0 call:20
966,910,1090,Opponent,0 call:30;0 call:20;0 call:20;0 call:20
967,1070,930,Player1,0 call:30;0 call:20;0 call:0;0 call:20
968,1050,950,Player1,0 call:30;0 call:0;0 call:20;0 call:0
969,930,1070,Opponent,0 call:30;0 call:20;0 call:0;0 call:20
970,930,1070,Opponent,0 call:30;0 call:20;0 call:0;0 call:20
971,940,1060,Opponent,0 call:20;0 call:0;0 call:20;0 call:20
972,1070,930,Player1,0 call:30;0 call:0;0 call:20;0 call:20
973,1030,970,Player1,0 call:30;0 call:0;0 call:0;0 call:0
974,960,1040,Opponent,0 call:20;0 call:0;0 call:20;0 call:0
975,1090,910,Player1,0 call:30;0 call:20;0 call:20;0 call:20
976,980,1020,Opponent,0 call:20;0 call:0;0 call:0;0 call:0
977,930,1070,Opponent,0 call:30;0 call:0;0 call:20;0 call:20
978,1060,940,Player1,0 call:20;0 call:20;0 call:0;0 call:20
979,1070,930,Player1,0 call:30;0 call:0;0 call:20;0 call:20
980,1060,940,Player1,0 call:20;0 call:20;0 call:0;0 call:20
981,1040,960,Player1,0 call:20;0 call:0;0 call:0;0 call:20
982,1050,950,Player1,0 call:30;0 call:0;0 call:20;0 call:0
983,960,1040,Opponent,0 call:20;0 call:0;0 call:20;0 call:0
984,1060,940,Player1,0 call:20;0 call:20;0 call:0;0 call:20
985,1060,940,Player1,0 call:20;0 call:0;0 call:20;0 call:20
986,940,1060,Opponent,0 call:20;0 call:20;0 call:20;0 call:0
987,920,1080,Opponent,0 call:20;0 call:20;0 call:20;0 call:20
988,950,1050,Opponent,0 call:30;0 call:20;0 call:0;0 call:0
989,1070,930,Player1,0 call:30;0 call:20;0 call:0;0 call:20
990,940,1060,Opponent,0 call:20;0 call:20;0 call:0;0 call:20
991,930,1070,Opponent,0 call:30;0 call:20;0 call:0;0 call:20
992,940,1060,Opponent,0 call:20;0 call:20;0 call:20;0 call:0
993,930,1070,Opponent,0 call:30;0 call:0;0 call:20;0 call:20
994,1060,940,Player1,0 call:20;0 call:20;0 call:20;0 call:0
995,1050,950,Player1,0 call:30;0 call:0;0 call:20;0 call:0
996,950,1050,Opponent,0 call:30;0 call:20;0 call:0;0 call:0
997,940,1060,Opponent,0 call:20;0 call:0;0 call:20;0 call:20
998,930,1070,Opponent,0 call:30;0 call:20;0 call:20;0 call:0
999,910,1090,Opponent,0 call:30;0 call:20;0 call:20;0 call:20
1000,930,1070,Opponent,0 call:30;0 call:20;0 call:0;0 call:20
